Workbook
Name _1Sin_nombre: [1]DATOS!$A$1:$L$143

Sheet Portada
B6: LINEA BASAL PROGRAMA DE RIESGO MECÁNICO
B8: EMPRESA: | C8: RESTAURANTE LA GRANJA TENJO
B10: FECHA: | C10: 12 DE AGOSTO DE 2020 | G10: LUGAR: | H10: Km 12 Via siberia Tenjo
B12: ASESOR QUE REALIZA LA LÍNEA BASAL
B13: NOMBRE | F13: CARGO | I13: EMPRESA
B14: ALEXANDRA MATEUS C | F14: ASESORA ARL SURA | I14: ARL SURA
B16: PERSONAS QUE PARTICIPARON EN LA ELABORACIÓN DE LA LÍNEA BASAL
B18: NOMBRE | F18: CARGO | I18: EMPRESA
B19: NOELIA ZAPATA | F19: AUXILIAR TH-SST | I19: RESTAURANTE LA GRANJA TENJO
B20: DEISY GUZMAN | F20: COORDINADORA DE TH | I20: RESTAURANTE LA GRANJA TENJO
B21: JAIRO BELTRAN | F21: ENCARGADO DE MANTENIMIENTO | I21: RESTAURANTE LA GRANJA TENJO

Sheet Línea Basal
E3: LINEA BASAL PROGRAMA RIESGO MECÁNICO
B4: TEMA | C4: ELEMENTO DEL PROGRAMA | D4: SUB-ELEMENTO | E4: ELEMENTO DEL PROGRAMA | F4: EVIDENCIA ENCONTRADA | G4: CUMPLIMIENTO S/N/Parcial | H4: % | I4: OBSERVACIONES / RECOMENDACIONES
A5: 1 | B5: Programa | C5: Documentación | D5: Documentación | E5: Está documentado un Programa para el control del riesgo mecánico? | F5: No se cuenta con documento | G5: NO IMPLEMENTADO | H5: =IF(G5="COMPLETA",1,IF(G5="AVANZADO",0.75,IF(G5="INTERMEDIO",0.5,IF(G5="BÁSICO",0.25,0)))) -> 0 | I5: Se debe estructura el documento del programa de riesgo mecánico
A6: 2 | B6: Programa | C6: Alcance | D6: Documentación | E6: El alcance del programa está definido para el control de riesgo mecánico en máquinas, equipos, herramientas y actividades de servicio / mantenimiento? | F6: No se ha definido el alcance | G6: NO IMPLEMENTADO | H6: =IF(G6="COMPLETA",1,IF(G6="AVANZADO",0.75,IF(G6="INTERMEDIO",0.5,IF(G6="BÁSICO",0.25,0)))) -> 0 | I6: Definir alcance en el programa riesgo mecánico a elaborar
A7: 3 | B7: Programa | C7: Objetivos y metas | D7: Objetivos y metas | E7: El programa tiene definidos Objetivos, metas e indicadores de Estructura, Proceso y Resultado? | F7: No se ha definido objetivos y metas | G7: NO IMPLEMENTADO | H7: =IF(G7="COMPLETA",1,IF(G7="AVANZADO",0.75,IF(G7="INTERMEDIO",0.5,IF(G7="BÁSICO",0.25,0)))) -> 0 | I7: Definir objetivos y metas en el programa riesgo mecánico a elaborar
A8: 4 | B8: Programa | C8: Gestión del cambio | D8: Documentación | E8: Se tiene definida una metodología para mantener actualizada la gestión del control del riesgo mecánico ante cambios que se presenten en la organización (ingreso / retiro de máquinas, equipos, herramientas, nuevos procesos de producción, modificaciones a procesos de producción) y es clara la participación de SST en la Gestión del cambio? | F8: No se tiene documentado, se hace algún análisis cuando se presentando las situaciones puntuales | G8: NO IMPLEMENTADO | H8: =IF(G8="COMPLETA",1,IF(G8="AVANZADO",0.75,IF(G8="INTERMEDIO",0.5,IF(G8="BÁSICO",0.25,0)))) -> 0 | I8: Documentar el proceso de acuerdo con el alcance del restaurante
A9: 5 | B9: Programa | C9: Responsabilidades | D9: Responsabilidades | E9: Se tienen definidas las siguientes responsabilidades para el Control del riesgo mecánico?: - Quién (es) son los responsables por el Programa. - Quién (es) aprueban las compras de maquinaria, equipos y herramientas - Quién (es) identifican los peligros y evalúan los riesgos en el uso de máquinas, equipos y herramientas. - Quién (es) identifican las energías peligrosas en el uso de máquinas, equipos y en actividades de servicio / mantenimiento. - Quién (es) elaboran los ARO´s y estandarizan la operación de máquinas, equipos y herramientas. - Quienes inspeccionan máquinas / equipos / herramientas / cumplimiento con procedimientos? - Quién (es) tienen responsabilidad y autoridad para hacer cumplir los estándares de operación segura de las máquinas y equipos y las fichas de control de energías peligrosas. - Quien (es) activan la aplicación del procedimiento de Gestión del Cambio para mantener actualizadas las disposiciones para el control del riesgo mecánico y las energías peligrosas. | F9: Se cuenta con perfiles de cargo pero no se contemplan las variables para riesgo mecánico | G9: NO IMPLEMENTADO | H9: =IF(G9="COMPLETA",1,IF(G9="AVANZADO",0.75,IF(G9="INTERMEDIO",0.5,IF(G9="BÁSICO",0.25,0)))) -> 0 | I9: Ajustar perfiles de cargo incluyen las responsabilidades para riesgo mecánico, y/o contemplar la posibilidad de incluir las responsabilidades en el programa de riesgo mecánico a elaborar
A10: 6 | B10: Programa | C10: Matriz peligros | D10: Identificación peligros | E10: Se actualiza la Matriz de peligros con los resultados de Incidentes / Accidentes y en la medida en la que se han implementado las acciones para el control del riesgo mecánico y de energías peligrosas? | F10: Se informa que se actualizó la matriz de peligros en Junio de 2020 donde se incluyó el riesgo biológico para covid-19 | G10: BÁSICO | H10: =IF(G10="COMPLETA",1,IF(G10="AVANZADO",0.75,IF(G10="INTERMEDIO",0.5,IF(G10="BÁSICO",0.25,0)))) -> 0.25 | I10: Actualizar la matriz de peligros , donde separe el factor de riesgo mecánico por manejo de herramientas y uso de maquina, valorar independientemente los peligros, y ajustar la descripción de los peligros en vista de las inconsistencias referente a la descripción de los mismo. se recomienda consolidar en dos matrices independientes para operación y administración
A11: 7 | B11: Trabajadores | C11: Selección | D11: Competencias | E11: Se tienen definidos y se aplican perfiles de competencias (técnicas y de aptitudes sico físicas) para los trabajadores que operan máquinas, equipos y herramientas, para el proceso de Selección / contratación? | F11: El perfil no lo define | G11: NO IMPLEMENTADO | H11: =IF(G11="COMPLETA",1,IF(G11="AVANZADO",0.75,IF(G11="INTERMEDIO",0.5,IF(G11="BÁSICO",0.25,0)))) -> 0 | I11: Ajustar perfil de competencias para los trabajadores que operan maquinas y equipos
A12: 8 | B12: Trabajadores | C12: Inducción | D12: Entrenamiento | E12: Se tiene definido y en ejecución un programa de formación / entrenamiento en riesgo mecánico para uso seguro de máquinas / equipos y herramientas que refleje las característica específicas de los temas en los que el trabajador se debe formar y entrenar según los equipos, máquinas y herramientas que va a usar? | F12: Se cuenta con un plan de capacitación pero no se relacionan los temas asociados a riesgo mecanico | G12: NO IMPLEMENTADO | H12: =IF(G12="COMPLETA",1,IF(G12="AVANZADO",0.75,IF(G12="INTERMEDIO",0.5,IF(G12="BÁSICO",0.25,0)))) -> 0 | I12: Incluir los temas de riesgo mecánico para el personal que maneja maquinas, herramientas y equipos con alcance de temáticas a riesgo mecánico
A13: 9 | B13: Trabajadores | C13: Evaluación Inducción | D13: Entrenamiento | E13: Se evalúa la efectividad de la Inducción y Entrenamiento? | F13: La empresa realiza inducción al ingreso, se brinda inducción general, por áreas se brinda inducción en puesto, no se realiza evaluación. No se documenta el entrenamiento | G13: BÁSICO | H13: =IF(G13="COMPLETA",1,IF(G13="AVANZADO",0.75,IF(G13="INTERMEDIO",0.5,IF(G13="BÁSICO",0.25,0)))) -> 0.25 | I13: Dejar documentada la evaluación realizada en inducción y re-inducción. Estructurar el proceso entrenamiento y documentarlo para tareas criticas (ejemplo operación con maquinas)
A14: 10 | B14: Trabajadores | C14: Back up mano de obra crítica | D14: Entrenamiento | E14: Se tiene estructurado un plan de back-ups de trabajadores para las operación de máquinas / equipos / tareas críticas? | F14: No se ha definido | G14: NO IMPLEMENTADO | H14: =IF(G14="COMPLETA",1,IF(G14="AVANZADO",0.75,IF(G14="INTERMEDIO",0.5,IF(G14="BÁSICO",0.25,0)))) -> 0 | I14: Definir los remplazos para las tareas criticas y operación de máquinas que generan riesgo
A15: 11 | B15: Cultura seguridad | C15: Normas | D15: Documentación | E15: Se han definido las normas básicos (reglas de oro) de seguridad y de comportamiento en Planta de producción y para actividades de mantenimiento y contemplan el uso seguro de herramientas / máquinas / equipos y el control de energías peligrosas y se promociona su cumplimiento frecuentemente? | F15: No se han definido. | G15: NO IMPLEMENTADO | H15: =IF(G15="COMPLETA",1,IF(G15="AVANZADO",0.75,IF(G15="INTERMEDIO",0.5,IF(G15="BÁSICO",0.25,0)))) -> 0 | I15: Definir las normas básicas de operación segura para las maquinas según criticidad (Elaborar inventarios de maquinas con valoración por parte de seguridad )
A16: 12 | B16: Cultura seguridad | C16: Promoción | D16: Promoción de temas de seguridad | E16: Se tiene definida una estrategia de promoción de la Cultura de seguridad asociada a riesgo mecánico? | F16: Se han desarrollado actividades generales para prevención de riesgos. | G16: NO IMPLEMENTADO | H16: =IF(G16="COMPLETA",1,IF(G16="AVANZADO",0.75,IF(G16="INTERMEDIO",0.5,IF(G16="BÁSICO",0.25,0)))) -> 0 | I16: Establecer temas de promoción enfocados a riesgo mecánico para personal de mantenimiento, personal de talleres y cocinas
... A38: 34 | B38: Energías peligrosas | C38: Procedimiento | D38: Documentación | E38: Se tiene definido y divulgado el procedimiento para el Bloqueo / Etiquetado de energías peligrosas? | F38: No se ha definido | G38: NO IMPLEMENTADO | H38: =IF(G38="COMPLETA",1,IF(G38="AVANZADO",0.75,IF(G38="INTERMEDIO",0.5,IF(G38="BÁSICO",0.25,0)))) -> 0 | I38: Definir Procedimiento
A39: 35 | B39: Energías peligrosas | C39: Compra DB | D39: Recursos técnicos | E39: Se han adquirido los elementos para el bloqueo y etiquetado de energías peligrosas según las necesidades identificadas? | F39: No se han adquirido | G39: NO IMPLEMENTADO | H39: =IF(G39="COMPLETA",1,IF(G39="AVANZADO",0.75,IF(G39="INTERMEDIO",0.5,IF(G39="BÁSICO",0.25,0)))) -> 0
A40: 36 | B40: Energías peligrosas | C40: Marcación física PAE | D40: Recursos técnicos | E40: Los puntos para el bloqueo de energías peligrosas se encuentran físicamente identificados en los elementos de aislamiento de las energías? | F40: No se han adquirido | G40: NO IMPLEMENTADO | H40: =IF(G40="COMPLETA",1,IF(G40="AVANZADO",0.75,IF(G40="INTERMEDIO",0.5,IF(G40="BÁSICO",0.25,0)))) -> 0
A41: 37 | B41: Energías peligrosas | C41: Fichas de bloqueo | D41: Documentación | E41: Se han documentado y divulgado las Fichas de control de energías peligrosas (Fichas de bloqueo) para todas las máquinas / equipos de la empresa? | F41: No se han definido | G41: NO IMPLEMENTADO | H41: =IF(G41="COMPLETA",1,IF(G41="AVANZADO",0.75,IF(G41="INTERMEDIO",0.5,IF(G41="BÁSICO",0.25,0)))) -> 0
A42: 38 | B42: Energías peligrosas | C42: Entrenamiento | D42: Entrenamiento | E42: Se ha entrenado / re-entrenado anualmente a los trabajadores autorizados para aplicar el procedimiento de bloqueo y etiquetado de energías peligrosas y se ha capacitado a los demás trabajadores en el conocimiento del procedimiento? | F42: Pendiente | G42: NO IMPLEMENTADO | H42: =IF(G42="COMPLETA",1,IF(G42="AVANZADO",0.75,IF(G42="INTERMEDIO",0.5,IF(G42="BÁSICO",0.25,0)))) -> 0
A43: 39 | B43: Energías peligrosas | C43: Entrega elementos | D43: Recursos técnicos | E43: Se han entregado para uso los elementos para el bloqueo y etiquetado de energías peligrosas de acuerdo con el procedimiento establecido por la empresa? | F43: Pendiente | G43: NO IMPLEMENTADO | H43: =IF(G43="COMPLETA",1,IF(G43="AVANZADO",0.75,IF(G43="INTERMEDIO",0.5,IF(G43="BÁSICO",0.25,0)))) -> 0
A44: 40 | B44: Energías peligrosas | C44: Aplicación Bloqueo | D44: Aplicación procedimiento | E44: Se aplica el bloqueo y etiquetado de energías peligrosas en las actividades de servicio / mantenimiento? | F44: Pendiente | G44: NO IMPLEMENTADO | H44: =IF(G44="COMPLETA",1,IF(G44="AVANZADO",0.75,IF(G44="INTERMEDIO",0.5,IF(G44="BÁSICO",0.25,0)))) -> 0
A45: 41 | B45: Energías peligrosas | C45: Auditoría | D45: Aplicación procedimiento | E45: Se audita de manera planeada la aplicación del procedimiento de Control de energías peligrosas? | F45: Pendiente | G45: NO IMPLEMENTADO | H45: =IF(G45="COMPLETA",1,IF(G45="AVANZADO",0.75,IF(G45="INTERMEDIO",0.5,IF(G45="BÁSICO",0.25,0)))) -> 0
A46: 42 | B46: Medición y mejora | C46: Investig IT / AT | D46: Investigación | E46: Se investigan los Incidentes y Accidentes de trabajo? | F46: Se investigan todos los accidentes, pero los incidentes no. | G46: BÁSICO | H46: =IF(G46="COMPLETA",1,IF(G46="AVANZADO",0.75,IF(G46="INTERMEDIO",0.5,IF(G46="BÁSICO",0.25,0)))) -> 0.25 | I46: Investigar todos los incidentes y documentar el proceso
A47: 43 | B47: Medición y mejora | C47: Participantes Investig | D47: Investigación | E47: En la investigación de incidentes / accidentes de Riesgo mecánico, participan las áreas de Producción y de Mantenimiento? | F47: Participa copasst, jefe de área y jefe de mantenimiento cuando el AT esta relacionado con el área | G47: BÁSICO | H47: =IF(G47="COMPLETA",1,IF(G47="AVANZADO",0.75,IF(G47="INTERMEDIO",0.5,IF(G47="BÁSICO",0.25,0)))) -> 0.25 | I47: Investigar todos los incidentes y documentar el proceso
A48: 44 | B48: Medición y mejora | C48: Interv x DX | D48: Máquinas | E48: Se definido un plan de trabajo para la implementación de las mejoras requeridas, identificadas en el diagnóstico de máquinas / herramientas / Energías, y se le hace seguimiento periódico y planeado a éste plan para su cumplimiento y para verificar la efectividad de las acciones implementadas? | F48: No se ha definido, a la fecha no hay diagnóstico | G48: NO IMPLEMENTADO | H48: =IF(G48="COMPLETA",1,IF(G48="AVANZADO",0.75,IF(G48="INTERMEDIO",0.5,IF(G48="BÁSICO",0.25,0)))) -> 0 | I48: Definir plan de mejoras a las maquinas de acuerdo con el diagnostico realizado por mantenimiento
A49: 45 | B49: Medición y mejora | C49: Interv x ARO | D49: ARO | E49: Se definido un plan de trabajo para la implementación de las mejoras requeridas, identificadas al realizar los ARO´s, y se le hace seguimiento periódico y planeado a éste plan para su cumplimiento y para verificar efectividad de las acciones implementadas? | F49: No se han realizado los análisis de riesgos | G49: NO IMPLEMENTADO | H49: =IF(G49="COMPLETA",1,IF(G49="AVANZADO",0.75,IF(G49="INTERMEDIO",0.5,IF(G49="BÁSICO",0.25,0)))) -> 0 | I49: Realizar AROS y definir plan de mejora de acuerdo con los hallazgos resultantes de los análisis de riesgos
A50: 46 | B50: Medición y mejora | C50: Interv x Reportes | D50: Reporte de condiciones / comportamientos | E50: Se definido un plan de trabajo para la implementación de las mejoras requeridas, identificadas en los Reportes de condiciones / comportamientos inseguros, y se le hace seguimiento periódico y planeado a éste plan para su cumplimiento y para verificar efectividad de las acciones implementadas? | F50: Se cuenta con tarjetas de reporte de condiciones, pero no hay reporte por parte de los trabajadores | G50: NO IMPLEMENTADO | H50: =IF(G50="COMPLETA",1,IF(G50="AVANZADO",0.75,IF(G50="INTERMEDIO",0.5,IF(G50="BÁSICO",0.25,0)))) -> 0 | I50: Una vez fomentado el reporte de tarjetas, consolidar información para generar plan de mejora según resultados
A51: 47 | B51: Medición y mejora | C51: Interv x Inspecciones | D51: Inspección | E51: Se definido un plan de trabajo para la implementación de las mejoras requeridas, identificadas en las inspecciones de seguridad, y se le hace seguimiento periódico y planeado a éste plan para su cumplimiento y para verificar efectividad de las acciones implementadas? | F51: se generan inspecciones de acuerdo con el programa del SG-SST | G51: BÁSICO | H51: =IF(G51="COMPLETA",1,IF(G51="AVANZADO",0.75,IF(G51="INTERMEDIO",0.5,IF(G51="BÁSICO",0.25,0)))) -> 0.25 | I51: Se cuenta con plan de mejoras en Excel donde se consolida y se hace seguimiento a los hallazgos de las inspecciones
A52: 48 | B52: Medición y mejora | C52: Consolidación hallazgos | D52: Consolidación de hallazgos | E52: Se consolidan para el seguimiento todos los planes de acción de: - Condiciones y comportamientos reportados - Planes de acción de Incidentes / Accidentes - Hallazgos de inspecciones - Hallazgos de auditorías - Controles por implementar detectados en los Aros - Planes de acción de Incidentes / Accidentes de trabajo y Enfermedad laboral asociados a Riesgo mecánico? | F52: Se hace seguimiento algunos hallazgos pero no se contemplan variables descritas | G52: BÁSICO | H52: =IF(G52="COMPLETA",1,IF(G52="AVANZADO",0.75,IF(G52="INTERMEDIO",0.5,IF(G52="BÁSICO",0.25,0)))) -> 0.25 | I52: Consolidar en la base de datos todos los hallazgos para riesgo mecánico
A53: 49 | B53: Medición y mejora | C53: Indicador cumplir | D53: Indicador | E53: Se lleva Indicador de cumplimiento y efectividad de cierre de planes de acción? | F53: No se ha definido | G53: NO IMPLEMENTADO | H53: =IF(G53="COMPLETA",1,IF(G53="AVANZADO",0.75,IF(G53="INTERMEDIO",0.5,IF(G53="BÁSICO",0.25,0)))) -> 0 | I53: Definir indicadores para el programa de riesgo mecánico
A54: 50 | B54: Medición y mejora | C54: Seguim Alta Dirección | D54: Alta Dirección | E54: Se hace seguimiento por parte de la Gerencia Alta / Media a los resultados de éste Indicador y de los resultados de las Observaciones de comportamiento y se toman acciones según los resultados obtenidos? | F54: No se ha realizando revisión por la alta dirección | G54: NO IMPLEMENTADO | H54: =IF(G54="COMPLETA",1,IF(G54="AVANZADO",0.75,IF(G54="INTERMEDIO",0.5,IF(G54="BÁSICO",0.25,0)))) -> 0 | I54: Realizar revisión y contemplar todas las variables del requisito descrito

Sheet Res general
B2: RESUMEN IMPLEMENTACIÓN PROGRAMA DE RIESGO MECÁNICO
B4: ELEMENTO | C4: % AVANCE
B5: Programa | C5: =+AVERAGE('Línea Basal'!H5:H10) -> 0.041666667
B6: Trabajadores | C6: =+AVERAGE('Línea Basal'!H11:H14) -> 0.0625
B7: Cultura de seguridad | C7: =+AVERAGE('Línea Basal'!H15:H19) -> 0.05
B8: Seguridad con máquinas | C8: =+AVERAGE('Línea Basal'!H20:H30) -> 0.11363636
B9: Seguridad con herramientas | C9: =+AVERAGE('Línea Basal'!H31:H37) -> 0
B10: Control de energías peligrosas | C10: =+AVERAGE('Línea Basal'!H38:H45) -> 0
B11: Medición y mejora | C11: =+AVERAGE('Línea Basal'!H46:H54) -> 0.11111111
B12: TOTAL | C12: =+AVERAGE(C5:C11) -> 0.054130592

Sheet Res Programa

Sheet Res trabajadores

Sheet Res cultura

Sheet Res máquinas

Sheet Res herramientas

Sheet Res Energías

Sheet Res Mejora

Sheet Lista
A2: COMPLETA
A3: AVANZADO
A4: INTERMEDIO
A5: BÁSICO
A6: NO IMPLEMENTADO
